,diarization error rate,total,correct,correct,false alarm,false alarm,missed detection,missed detection,confusion,confusion
,%,,,%,,%,,%,,%
ahc,26.801332396911594,144706.88,110105.94547000004,76.08894993106067,4182.437379999998,2.8902823279722414,8960.365309999988,6.192079678588874,25640.569219999998,17.718970390350478
bhmm,56.11768079029829,144706.88,67683.296,46.772686965540274,4182.561000000006,2.8903677558385654,8960.357999999991,6.192074626997687,68063.226,47.03523840746203
spectral,55.8152950295107,144706.88,68120.869,47.075072726327875,4182.561000000006,2.8903677558385654,8960.357999999991,6.192074626997687,67625.65300000002,46.732852646674445
pyannote,11.187465847768147,144792.87999999995,134501.39699999997,92.89227274158786,5907.170999999968,4.0797385893560305,4898.6749999999865,3.383229202982901,5392.807999999954,3.724498055429214
