	DER	FA	Miss	Conf
ahc	0.2772307928120264	18.105789523809516	38.78946021645017	110.99813515151514
bhmm	0.52987880326926	18.106324675324686	38.78942857142856	294.64599999999996
spectral	0.5303813010946372	18.106324675324686	38.78942857142856	292.7517445887446
pyannote	0.1218929790736121	25.4619439655171	21.114978448275814	23.244862068965322
